column,psi,status,missing_shift_pp,ref_mean,cur_mean
EXT_SOURCE_1,0.0006,stable,-0.2,0.5,0.503
EXT_SOURCE_2,1.3863,DRIFT,-0.0,0.515,0.396
EXT_SOURCE_3,0.6303,DRIFT,0.4,0.511,0.391
EXT_SOURCE_MEAN,0.5692,DRIFT,0.0,0.509,0.41
DAYS_BIRTH,0.089,stable,0.0,-16006.125,-14921.046
DAYS_EMPLOYED,0.0006,stable,0.2,-2379.479,-2383.918
AMT_INCOME_TOTAL,0.5968,DRIFT,0.0,168046.211,202211.759
AMT_CREDIT,0.1551,watch,0.0,595169.382,715976.461
AMT_ANNUITY,0.1201,watch,0.0,26934.837,32363.893
AMT_GOODS_PRICE,0.0008,stable,0.0,534526.399,536605.982
PAYMENT_RATE,0.0005,stable,0.0,0.054,0.054
CREDIT_INCOME_RATIO,0.0005,stable,0.0,3.947,3.94
N_BUREAU_CREDITS,0.41,DRIFT,0.0,4.842,3.218
BUREAU_DEBT_SUM,0.4093,DRIFT,27.7,648194.623,624026.3
PREV_REFUSED_COUNT,0.0001,stable,0.2,0.838,0.843
ORGANIZATION_TYPE,0.0043,stable,0.0,,
score,0.3178,DRIFT,0.0,0.081,0.125
